method,metric,category,point,ci_lo,ci_hi,n
log_only,LocPrec,Programming Error,0.0690,0.0172,0.1379,58
log_only,LocPrec,Configuration Error,0.0000,0.0000,0.0000,29
log_only,LocPrec,Dependency Error,0.0000,0.0000,0.0000,4
log_only,SymMatch,Programming Error,0.0364,0.0000,0.0909,55
log_only,SymMatch,Configuration Error,0.0000,0.0000,0.0000,29
log_only,SymMatch,Dependency Error,0.0000,0.0000,0.0000,4
log_only,RCA,Programming Error,0.2459,0.1475,0.3607,61
log_only,RCA,Configuration Error,0.5714,0.4286,0.7143,42
log_only,RCA,Dependency Error,0.0000,0.0000,0.0000,4
log_only,Halluc,Programming Error,1.0000,1.0000,1.0000,35
log_only,Halluc,Configuration Error,1.0000,1.0000,1.0000,31
log_only,Halluc,Dependency Error,1.0000,1.0000,1.0000,2
llm_only,LocPrec,Programming Error,0.0517,0.0000,0.1207,58
llm_only,LocPrec,Configuration Error,0.0000,0.0000,0.0000,29
llm_only,LocPrec,Dependency Error,0.0000,0.0000,0.0000,4
llm_only,SymMatch,Programming Error,0.0364,0.0000,0.0909,55
llm_only,SymMatch,Configuration Error,0.0000,0.0000,0.0000,29
llm_only,SymMatch,Dependency Error,0.0000,0.0000,0.0000,4
llm_only,RCA,Programming Error,0.5410,0.4098,0.6557,61
llm_only,RCA,Configuration Error,0.5952,0.4524,0.7381,42
llm_only,RCA,Dependency Error,0.0000,0.0000,0.0000,4
llm_only,Halluc,Programming Error,0.9630,0.9074,1.0000,54
llm_only,Halluc,Configuration Error,1.0000,1.0000,1.0000,41
llm_only,Halluc,Dependency Error,1.0000,1.0000,1.0000,2
unstructured,Recall@1,Programming Error,0.1552,0.0690,0.2586,58
unstructured,Recall@1,Configuration Error,0.4138,0.2414,0.5862,29
unstructured,Recall@1,Dependency Error,0.0000,0.0000,0.0000,4
unstructured,Recall@3,Programming Error,0.1724,0.0862,0.2759,58
unstructured,Recall@3,Configuration Error,0.4483,0.2759,0.6207,29
unstructured,Recall@3,Dependency Error,0.0000,0.0000,0.0000,4
unstructured,LocPrec,Programming Error,0.2586,0.1552,0.3793,58
unstructured,LocPrec,Configuration Error,0.2414,0.1034,0.4138,29
unstructured,LocPrec,Dependency Error,0.0000,0.0000,0.0000,4
unstructured,SymMatch,Programming Error,0.0364,0.0000,0.0909,55
unstructured,SymMatch,Configuration Error,0.1379,0.0345,0.2759,29
unstructured,SymMatch,Dependency Error,0.0000,0.0000,0.0000,4
unstructured,RCA,Programming Error,0.4590,0.3443,0.5902,61
unstructured,RCA,Configuration Error,0.6905,0.5476,0.8333,42
unstructured,RCA,Dependency Error,0.5000,0.0000,1.0000,4
unstructured,Halluc,Programming Error,0.6885,0.5738,0.8033,61
unstructured,Halluc,Configuration Error,0.6667,0.5238,0.8095,42
unstructured,Halluc,Dependency Error,0.5000,0.0000,1.0000,4
DeepLog,Recall@1,Programming Error,0.2241,0.1207,0.3276,58
DeepLog,Recall@1,Configuration Error,0.4483,0.2759,0.6207,29
DeepLog,Recall@1,Dependency Error,0.0000,0.0000,0.0000,4
DeepLog,Recall@3,Programming Error,0.2931,0.1724,0.4138,58
DeepLog,Recall@3,Configuration Error,0.5517,0.3793,0.7241,29
DeepLog,Recall@3,Dependency Error,0.0000,0.0000,0.0000,4
DeepLog,LocPrec,Programming Error,0.2414,0.1379,0.3621,58
DeepLog,LocPrec,Configuration Error,0.4483,0.2759,0.6207,29
DeepLog,LocPrec,Dependency Error,0.0000,0.0000,0.0000,4
DeepLog,Halluc,Programming Error,0.0000,0.0000,0.0000,61
DeepLog,Halluc,Configuration Error,0.0000,0.0000,0.0000,42
DeepLog,Halluc,Dependency Error,0.0000,0.0000,0.0000,4
HADES,Recall@1,Programming Error,0.1034,0.0345,0.1897,58
HADES,Recall@1,Configuration Error,0.1379,0.0345,0.2759,29
HADES,Recall@1,Dependency Error,0.0000,0.0000,0.0000,4
HADES,Recall@3,Programming Error,0.1379,0.0517,0.2241,58
HADES,Recall@3,Configuration Error,0.2069,0.0690,0.3793,29
HADES,Recall@3,Dependency Error,0.0000,0.0000,0.0000,4
HADES,LocPrec,Programming Error,0.1034,0.0345,0.1897,58
HADES,LocPrec,Configuration Error,0.1379,0.0345,0.2759,29
HADES,LocPrec,Dependency Error,0.0000,0.0000,0.0000,4
HADES,Halluc,Programming Error,0.0000,0.0000,0.0000,61
HADES,Halluc,Configuration Error,0.0000,0.0000,0.0000,42
HADES,Halluc,Dependency Error,0.0000,0.0000,0.0000,4
Eadro,Recall@1,Programming Error,0.1379,0.0517,0.2414,58
Eadro,Recall@1,Configuration Error,0.0000,0.0000,0.0000,29
Eadro,Recall@1,Dependency Error,0.0000,0.0000,0.0000,4
Eadro,Recall@3,Programming Error,0.1724,0.0862,0.2759,58
Eadro,Recall@3,Configuration Error,0.1034,0.0000,0.2078,29
Eadro,Recall@3,Dependency Error,0.0000,0.0000,0.0000,4
Eadro,LocPrec,Programming Error,0.1379,0.0517,0.2414,58
Eadro,LocPrec,Configuration Error,0.0000,0.0000,0.0000,29
Eadro,LocPrec,Dependency Error,0.0000,0.0000,0.0000,4
Eadro,Halluc,Programming Error,0.0000,0.0000,0.0000,61
Eadro,Halluc,Configuration Error,0.0000,0.0000,0.0000,42
Eadro,Halluc,Dependency Error,0.0000,0.0000,0.0000,4
MEPFL,RCA,Programming Error,0.8525,0.7541,0.9344,61
MEPFL,RCA,Configuration Error,0.8095,0.6905,0.9286,42
MEPFL,RCA,Dependency Error,1.0000,1.0000,1.0000,4
TraceRCA,RCA,Programming Error,0.7541,0.6393,0.8525,61
TraceRCA,RCA,Configuration Error,0.4286,0.2857,0.5714,42
TraceRCA,RCA,Dependency Error,0.0000,0.0000,0.0000,4
LLMAO,Recall@1,Programming Error,0.2241,0.1207,0.3276,58
LLMAO,Recall@1,Configuration Error,0.4483,0.2759,0.6207,29
LLMAO,Recall@1,Dependency Error,0.0000,0.0000,0.0000,4
LLMAO,Recall@3,Programming Error,0.2931,0.1724,0.4138,58
LLMAO,Recall@3,Configuration Error,0.5517,0.3793,0.7241,29
LLMAO,Recall@3,Dependency Error,0.0000,0.0000,0.0000,4
LLMAO,LocPrec,Programming Error,0.2931,0.1724,0.4138,58
LLMAO,LocPrec,Configuration Error,0.5517,0.3793,0.7241,29
LLMAO,LocPrec,Dependency Error,0.0000,0.0000,0.0000,4
LLMAO,SymMatch,Programming Error,0.0000,0.0000,0.0000,55
LLMAO,SymMatch,Configuration Error,0.0690,0.0000,0.1724,29
LLMAO,SymMatch,Dependency Error,0.0000,0.0000,0.0000,4
LLMAO,RCA,Programming Error,0.8033,0.7049,0.9016,61
LLMAO,RCA,Configuration Error,0.5000,0.3571,0.6667,42
LLMAO,RCA,Dependency Error,0.0000,0.0000,0.0000,4
LLMAO,Halluc,Programming Error,0.0000,0.0000,0.0000,61
LLMAO,Halluc,Configuration Error,0.0000,0.0000,0.0000,42
LLMAO,Halluc,Dependency Error,0.0000,0.0000,0.0000,4
FaceIt,Recall@1,Programming Error,0.2241,0.1207,0.3276,58
FaceIt,Recall@1,Configuration Error,0.4483,0.2759,0.6207,29
FaceIt,Recall@1,Dependency Error,0.0000,0.0000,0.0000,4
FaceIt,Recall@3,Programming Error,0.2931,0.1724,0.4138,58
FaceIt,Recall@3,Configuration Error,0.5517,0.3793,0.7241,29
FaceIt,Recall@3,Dependency Error,0.0000,0.0000,0.0000,4
FaceIt,LocPrec,Programming Error,0.1552,0.0690,0.2586,58
FaceIt,LocPrec,Configuration Error,0.0690,0.0000,0.1724,29
FaceIt,LocPrec,Dependency Error,0.0000,0.0000,0.0000,4
FaceIt,RCA,Programming Error,0.3607,0.2459,0.4754,61
FaceIt,RCA,Configuration Error,0.8571,0.7381,0.9524,42
FaceIt,RCA,Dependency Error,0.0000,0.0000,0.0000,4
FaceIt,Halluc,Programming Error,0.5636,0.4364,0.6909,55
FaceIt,Halluc,Configuration Error,0.8333,0.6944,0.9444,36
FaceIt,Halluc,Dependency Error,0.5000,0.0000,1.0000,4
RCACopilot,Recall@1,Programming Error,0.2241,0.1207,0.3276,58
RCACopilot,Recall@1,Configuration Error,0.4483,0.2759,0.6207,29
RCACopilot,Recall@1,Dependency Error,0.0000,0.0000,0.0000,4
RCACopilot,Recall@3,Programming Error,0.2931,0.1724,0.4138,58
RCACopilot,Recall@3,Configuration Error,0.5517,0.3793,0.7241,29
RCACopilot,Recall@3,Dependency Error,0.0000,0.0000,0.0000,4
RCACopilot,LocPrec,Programming Error,0.2931,0.1724,0.4138,58
RCACopilot,LocPrec,Configuration Error,0.5172,0.3448,0.6897,29
RCACopilot,LocPrec,Dependency Error,0.0000,0.0000,0.0000,4
RCACopilot,RCA,Programming Error,0.8852,0.8033,0.9508,61
RCACopilot,RCA,Configuration Error,0.7857,0.6667,0.9048,42
RCACopilot,RCA,Dependency Error,0.5000,0.0000,1.0000,4
RCACopilot,Halluc,Programming Error,0.0000,0.0000,0.0000,61
RCACopilot,Halluc,Configuration Error,0.0000,0.0000,0.0000,42
RCACopilot,Halluc,Dependency Error,0.0000,0.0000,0.0000,4
MicroRCA,Recall@1,Programming Error,0.2759,0.1552,0.3966,58
MicroRCA,Recall@1,Configuration Error,0.1724,0.0345,0.3103,29
MicroRCA,Recall@1,Dependency Error,0.0000,0.0000,0.0000,4
MicroRCA,Recall@3,Programming Error,0.3621,0.2414,0.4828,58
MicroRCA,Recall@3,Configuration Error,0.3793,0.2069,0.5517,29
MicroRCA,Recall@3,Dependency Error,0.0000,0.0000,0.0000,4
MicroRCA,LocPrec,Programming Error,0.2931,0.1897,0.4138,58
MicroRCA,LocPrec,Configuration Error,0.1724,0.0345,0.3103,29
MicroRCA,LocPrec,Dependency Error,0.0000,0.0000,0.0000,4
MicroRCA,Halluc,Programming Error,0.0000,0.0000,0.0000,61
MicroRCA,Halluc,Configuration Error,0.0000,0.0000,0.0000,42
MicroRCA,Halluc,Dependency Error,0.0000,0.0000,0.0000,4
Pinpoint,Recall@1,Programming Error,0.2069,0.1034,0.3103,58
Pinpoint,Recall@1,Configuration Error,0.3448,0.1724,0.5172,29
Pinpoint,Recall@1,Dependency Error,0.0000,0.0000,0.0000,4
Pinpoint,Recall@3,Programming Error,0.2759,0.1724,0.3966,58
Pinpoint,Recall@3,Configuration Error,0.3448,0.1724,0.5172,29
Pinpoint,Recall@3,Dependency Error,0.0000,0.0000,0.0000,4
Pinpoint,LocPrec,Programming Error,0.2241,0.1207,0.3448,58
Pinpoint,LocPrec,Configuration Error,0.3448,0.1724,0.5172,29
Pinpoint,LocPrec,Dependency Error,0.0000,0.0000,0.0000,4
Pinpoint,Halluc,Programming Error,0.0000,0.0000,0.0000,61
Pinpoint,Halluc,Configuration Error,0.0000,0.0000,0.0000,42
Pinpoint,Halluc,Dependency Error,0.0000,0.0000,0.0000,4
SafLoc,Recall@1,Programming Error,0.2586,0.1379,0.3793,58
SafLoc,Recall@1,Configuration Error,0.4138,0.2414,0.5862,29
SafLoc,Recall@1,Dependency Error,0.0000,0.0000,0.0000,4
SafLoc,Recall@3,Programming Error,0.3276,0.2069,0.4483,58
SafLoc,Recall@3,Configuration Error,0.5172,0.3448,0.6897,29
SafLoc,Recall@3,Dependency Error,0.0000,0.0000,0.0000,4
SafLoc,LocPrec,Programming Error,0.2931,0.1724,0.4138,58
SafLoc,LocPrec,Configuration Error,0.5172,0.3448,0.6897,29
SafLoc,LocPrec,Dependency Error,0.0000,0.0000,0.0000,4
SafLoc,SymMatch,Programming Error,0.1091,0.0364,0.2000,55
SafLoc,SymMatch,Configuration Error,0.3793,0.2069,0.5517,29
SafLoc,SymMatch,Dependency Error,0.0000,0.0000,0.0000,4
SafLoc,RCA,Programming Error,0.8361,0.7377,0.9180,61
SafLoc,RCA,Configuration Error,0.8333,0.7143,0.9286,42
SafLoc,RCA,Dependency Error,0.5000,0.0000,1.0000,4
SafLoc,Halluc,Programming Error,0.0000,0.0000,0.0000,61
SafLoc,Halluc,Configuration Error,0.0000,0.0000,0.0000,42
SafLoc,Halluc,Dependency Error,0.0000,0.0000,0.0000,4
