method,Recall@1,Recall@3,LocPrec,SymMatch,RCA,Halluc
log_only,,,"0.0440 [0.0110,0.0879]","0.0227 [0.0000,0.0568]","0.3645 [0.2710,0.4579]","1.0000 [1.0000,1.0000]"
llm_only,,,"0.0330 [0.0000,0.0769]","0.0227 [0.0000,0.0568]","0.5421 [0.4486,0.6355]","0.9794 [0.9485,1.0000]"
unstructured,"0.2308 [0.1429,0.3187]","0.2527 [0.1648,0.3407]","0.2418 [0.1538,0.3297]","0.0682 [0.0227,0.1250]","0.5514 [0.4579,0.6449]","0.6729 [0.5794,0.7570]"
DeepLog,"0.2857 [0.1978,0.3846]","0.3626 [0.2637,0.4615]","0.2967 [0.2088,0.3956]",,,"0.0000 [0.0000,0.0000]"
HADES,"0.1099 [0.0549,0.1758]","0.1538 [0.0879,0.2308]","0.1099 [0.0549,0.1758]",,,"0.0000 [0.0000,0.0000]"
Eadro,"0.0879 [0.0330,0.1538]","0.1429 [0.0769,0.2198]","0.0879 [0.0330,0.1538]",,,"0.0000 [0.0000,0.0000]"
MEPFL,,,,,"0.8411 [0.7664,0.9065]",
TraceRCA,,,,,"0.5981 [0.5047,0.6916]",
LLMAO,"0.2857 [0.1978,0.3846]","0.3626 [0.2637,0.4615]","0.3626 [0.2637,0.4615]","0.0227 [0.0000,0.0568]","0.6542 [0.5607,0.7383]","0.0000 [0.0000,0.0000]"
FaceIt,"0.2857 [0.1978,0.3846]","0.3626 [0.2637,0.4615]","0.1209 [0.0549,0.1868]",,"0.5421 [0.4486,0.6355]","0.6632 [0.5684,0.7579]"
RCACopilot,"0.2857 [0.1978,0.3846]","0.3626 [0.2637,0.4615]","0.3516 [0.2527,0.4505]",,"0.8318 [0.7570,0.8972]","0.0000 [0.0000,0.0000]"
MicroRCA,"0.2308 [0.1429,0.3187]","0.3516 [0.2527,0.4505]","0.2418 [0.1538,0.3297]",,,"0.0000 [0.0000,0.0000]"
Pinpoint,"0.2418 [0.1538,0.3297]","0.2857 [0.1978,0.3846]","0.2527 [0.1648,0.3516]",,,"0.0000 [0.0000,0.0000]"
SafLoc,"0.2967 [0.2088,0.3956]","0.3736 [0.2747,0.4725]","0.3516 [0.2527,0.4505]","0.1932 [0.1136,0.2841]","0.8224 [0.7477,0.8879]","0.0000 [0.0000,0.0000]"
